{
  "description": "项目配置文件",
  "packOptions": {
    "ignore": [],
    "include": []
  },
  "setting": {
    "urlCheck": false,
    "es6": true,
    "postcss": true,
    "minified": true,
    "uglifyFileName": false,
    "enhance": true,
    "packNpmRelationList": [],
    "babelSetting": {
      "ignore": [],
      "disablePlugins": [],
      "outputPath": ""
    },
    "useCompilerPlugins": false,
    "minifyWXML": true,
    "compileWorklet": false,
    "uploadWithSourceMap": true,
    "packNpmManually": false,
    "minifyWXSS": true,
    "localPlugins": false,
    "disableUseStrict": false,
    "condition": false,
    "swc": false,
    "disableSWC": true
  },
  "compileType": "miniprogram",
  "libVersion": "3.11.1",
  "appid": "wxa5d928082485e9cb",
  "projectname": "晾衣助手",
  "simulatorPluginLibVersion": {},
  "editorSetting": {},
  "condition": {}
}